,room_id,host_id,room_type,borough,neighborhood,reviews,overall_satisfaction,accommodates,bedrooms,bathrooms,price,minstay,latitude,longitude,collected
0,9375,28997,Entire home/apt,,,77,5.0,6,1.0,1.0,169.0,2.0,34.100375,-116.285815,2016-05-27 02:14:04.552536
1,12941,50072,Entire home/apt,,,44,5.0,2,1.0,1.0,250.0,2.0,34.103536,-116.316457,2016-05-27 02:17:59.624341
2,13281,50072,Entire home/apt,,,41,5.0,4,1.0,0.0,300.0,2.0,34.1032,-116.307553,2016-05-27 02:15:36.319859
3,32694,141491,Entire home/apt,,,79,5.0,6,2.0,2.0,195.0,,34.134648,-116.327166,2016-05-27 02:24:14.075537
4,52283,241628,Entire home/apt,,,290,5.0,2,1.0,1.0,89.0,2.0,34.121728,-116.312336,2016-05-27 02:22:27.398546
5,64825,316880,Entire home/apt,,,34,5.0,4,1.0,1.0,175.0,2.0,34.126141,-116.273237,2016-05-27 02:21:49.327746
6,64832,316880,Entire home/apt,,,43,5.0,3,1.0,1.0,135.0,2.0,34.126,-116.275171,2016-05-27 02:15:32.552250
7,118908,313104,Entire home/apt,,,15,5.0,8,3.0,2.0,241.0,2.0,34.101171,-116.281526,2016-05-27 02:20:25.939748
8,119838,604095,Entire home/apt,,,226,5.0,10,3.0,3.0,180.0,2.0,34.129744,-116.310817,2016-05-27 02:21:45.947596
9,151298,728499,Entire home/apt,,,105,5.0,6,3.0,,135.0,2.0,34.110441,-116.327261,2016-05-27 02:12:03.918382
10,184262,243727,Entire home/apt,,,63,5.0,6,2.0,2.0,250.0,2.0,34.113303,-116.285706,2016-05-27 02:24:35.213439
11,203824,999806,Entire home/apt,,,92,5.0,4,2.0,1.0,200.0,2.0,34.127487,-116.313524,2016-05-27 02:13:07.692172
12,245530,1288157,Entire home/apt,,,101,5.0,4,1.0,1.0,140.0,2.0,34.144758,-116.319689,2016-05-27 02:18:06.207621
13,268460,1407216,Entire home/apt,,,100,5.0,2,1.0,1.0,95.0,2.0,34.099317,-116.311881,2016-05-27 02:16:14.313964
14,322703,1652201,Private room,,,254,5.0,4,1.0,,60.0,1.0,34.155685,-116.300844,2016-05-27 02:11:57.781608
15,327558,1674280,Private room,,,106,4.5,2,1.0,,65.0,1.0,34.148085,-116.325504,2016-05-27 02:15:09.714687
16,416816,1674280,Shared room,,,39,5.0,2,1.0,,65.0,1.0,34.150015,-116.324246,2016-05-27 02:24:06.809435
17,435933,2165681,Entire home/apt,,,52,4.5,5,1.0,1.0,109.0,2.0,34.128673,-116.315128,2016-05-27 02:12:22.906001
18,450287,1674280,Private room,,,66,5.0,16,1.0,,30.0,1.0,34.149658,-116.32536,2016-05-27 02:12:25.716320
19,476861,2363766,Entire home/apt,,,25,5.0,3,1.0,1.0,115.0,2.0,34.12255,-116.322566,2016-05-27 02:17:16.423848
20,499485,2464919,Private room,,,327,5.0,2,1.0,,85.0,,34.126212,-116.260472,2016-05-27 02:21:39.647684
21,517357,2546820,Entire home/apt,,,32,4.5,15,4.0,,795.0,2.0,34.1979,-116.495761,2016-05-27 02:20:16.865622
22,552674,2464919,Private room,,,315,5.0,2,1.0,,85.0,,34.128324,-116.261354,2016-05-27 02:18:53.736890
23,608798,3017587,Entire home/apt,,,283,5.0,4,1.0,1.0,99.0,1.0,34.123777,-116.3177,2016-05-27 02:11:33.390946
24,634436,1700495,Entire home/apt,,,98,5.0,6,3.0,1.0,91.0,1.0,34.157983,-116.274957,2016-05-27 02:21:04.539003
25,656003,1407216,Entire home/apt,,,95,5.0,4,1.0,1.0,155.0,2.0,34.097923,-116.310429,2016-05-27 02:18:57.017819
26,718171,1723519,Entire home/apt,,,17,5.0,2,1.0,1.0,75.0,2.0,34.163644,-116.371234,2016-05-27 02:17:29.439746
27,722494,313104,Entire home/apt,,,56,5.0,6,2.0,2.0,241.0,2.0,34.125441,-116.312401,2016-05-27 02:12:28.393355
28,779000,4107555,Entire home/apt,,,63,5.0,5,1.0,,160.0,2.0,34.098219,-116.303851,2016-05-27 02:17:26.583480
29,808533,4253984,Entire home/apt,,,11,5.0,8,3.0,2.0,265.0,2.0,34.092584,-116.30611,2016-05-27 02:15:15.992387
30,836217,3794463,Entire home/apt,,,79,5.0,6,2.0,2.0,275.0,2.0,34.127811,-116.333185,2016-05-27 02:21:36.452000
31,850372,999806,Entire home/apt,,,150,4.5,4,2.0,1.0,180.0,2.0,34.126104,-116.313598,2016-05-27 02:18:37.505839
32,852460,1674280,Private room,,,19,5.0,16,1.0,1.0,200.0,1.0,34.150117,-116.32417,2016-05-27 02:12:39.939320
33,867460,3794463,Entire home/apt,,,134,5.0,4,1.0,1.0,110.0,2.0,34.130348,-116.330587,2016-05-27 02:11:49.639824
34,960322,5228169,Shared room,,,0,,2,1.0,1.0,150.0,1.0,34.13371,-116.255539,2016-05-27 02:20:51.697585
35,983536,2445388,Shared room,,,1,,16,1.0,,20.0,1.0,33.913945,-116.763038,2016-05-27 02:22:22.998925
36,1007178,5540238,Entire home/apt,,,95,5.0,8,2.0,1.0,135.0,1.0,34.154109,-116.304564,2016-05-27 02:18:25.017874
37,1052861,1318234,Entire home/apt,,,44,4.5,6,3.0,2.0,185.0,1.0,34.126849,-116.314687,2016-05-27 02:17:56.679571
38,1056726,5820467,Entire home/apt,,,19,4.5,4,2.0,2.0,135.0,2.0,34.125964,-116.316022,2016-05-27 02:24:58.068355
39,1096822,6027082,Entire home/apt,,,27,5.0,8,3.0,,241.0,2.0,34.153168,-116.360674,2016-05-27 02:18:47.392891
40,1157057,1995305,Entire home/apt,,,38,5.0,4,1.0,1.0,99.0,2.0,34.129409,-116.312466,2016-05-27 02:23:35.655765
41,1167060,5801468,Entire home/apt,,,48,5.0,2,0.0,1.0,99.0,2.0,34.123109,-116.312506,2016-05-27 02:23:57.735557
42,1213915,243632,Entire home/apt,,,49,5.0,2,1.0,1.0,85.0,2.0,34.158696,-116.343231,2016-05-27 02:12:52.355915
43,1243216,6776092,Entire home/apt,,,173,5.0,8,3.0,2.0,180.0,1.0,34.120901,-116.328259,2016-05-27 02:11:17.060381
44,1360528,7448054,Entire home/apt,,,253,5.0,4,1.0,1.0,140.0,1.0,34.093094,-116.311012,2016-05-27 02:25:22.758601
45,1404773,6339080,Entire home/apt,,,308,5.0,2,1.0,1.0,99.0,1.0,34.108465,-116.287648,2016-05-27 02:24:38.363826
46,1460787,2165681,Entire home/apt,,,47,5.0,4,1.0,1.0,109.0,2.0,34.12926,-116.313444,2016-05-27 02:12:20.417811
47,1841447,9623292,Entire home/apt,,,132,5.0,2,0.0,1.0,125.0,1.0,34.141633,-116.323609,2016-05-27 02:12:32.524920
48,1856850,9690253,Entire home/apt,,,10,4.5,2,1.0,1.0,280.0,2.0,34.135284,-116.318167,2016-05-27 02:18:18.219512
49,1857113,9690253,Entire home/apt,,,13,5.0,4,2.0,2.0,480.0,2.0,34.133778,-116.317725,2016-05-27 02:17:53.595746
50,1897720,8817689,Entire home/apt,,,148,5.0,8,2.0,,165.0,,34.093272,-116.275674,2016-05-27 02:25:35.903630
51,1938575,10028994,Entire home/apt,,,40,5.0,8,2.0,2.0,165.0,2.0,34.137284,-116.308726,2016-05-27 02:22:46.702355
52,1962091,4448528,Entire home/apt,,,74,5.0,2,0.0,1.0,80.0,,34.132244,-116.315053,2016-05-27 02:15:23.059587
53,2093755,1690563,Entire home/apt,,,233,5.0,4,2.0,1.0,185.0,2.0,34.148725,-116.28924,2016-05-27 02:25:20.163462
54,2159531,7158635,Entire home/apt,,,78,5.0,4,2.0,1.0,169.0,2.0,34.108979,-116.301787,2016-05-27 02:20:35.633578
55,2220877,8115154,Entire home/apt,,,123,5.0,2,0.0,1.0,99.0,2.0,34.098808,-116.303753,2016-05-27 02:19:11.150317
56,2261623,6082529,Private room,,,25,5.0,2,1.0,2.0,70.0,2.0,34.113218,-116.356734,2016-05-27 02:23:21.566725
57,2269447,11589458,Entire home/apt,,,16,5.0,4,2.0,,119.0,2.0,34.160906,-116.354081,2016-05-27 02:21:15.385353
58,2290160,4658595,Entire home/apt,,,89,5.0,4,2.0,1.0,135.0,2.0,34.166463,-116.30402,2016-05-27 02:24:00.803459
59,2321164,2165681,Entire home/apt,,,13,4.5,3,1.0,1.0,99.0,2.0,34.129427,-116.314322,2016-05-27 02:20:08.153531
60,2551244,13061742,Entire home/apt,,,54,5.0,4,2.0,1.0,200.0,2.0,34.108286,-116.324302,2016-05-27 02:25:14.594623
61,2683169,13735500,Entire home/apt,,,145,5.0,2,1.0,1.0,160.0,1.0,34.093773,-116.283918,2016-05-27 02:21:26.683519
62,2735768,4448528,Entire home/apt,,,118,5.0,4,2.0,1.0,145.0,,34.129171,-116.317829,2016-05-27 02:17:19.529102
63,2762744,13530079,Private room,,,70,4.5,2,1.0,1.0,35.0,1.0,34.114829,-116.389568,2016-05-27 02:17:32.876046
64,2804044,13530079,Private room,,,85,4.5,2,1.0,1.0,35.0,1.0,34.114581,-116.391208,2016-05-27 02:16:40.871717
65,2838501,14196048,Entire home/apt,,,17,5.0,6,3.0,2.0,160.0,2.0,34.111606,-116.333651,2016-05-27 02:13:54.134287
66,2838924,4448528,Entire home/apt,,,33,5.0,7,3.0,2.0,165.0,,34.131005,-116.316741,2016-05-27 02:15:52.823795
67,2887754,2165681,Entire home/apt,,,18,5.0,4,1.0,1.0,99.0,2.0,34.129451,-116.31295,2016-05-27 02:18:50.511244
68,2916183,2464919,Private room,,,27,5.0,2,1.0,1.0,125.0,1.0,34.126576,-116.26166,2016-05-27 02:15:40.439617
69,3263536,104046,Entire home/apt,,,26,5.0,10,3.0,2.0,75.0,1.0,34.11542,-116.319019,2016-05-27 02:21:12.575611
70,3353753,16922733,Entire home/apt,,,33,4.5,2,0.0,1.0,80.0,2.0,34.105167,-116.273084,2016-05-27 02:17:07.006550
71,3370071,17002651,Entire home/apt,,,14,5.0,2,1.0,2.0,140.0,2.0,34.114102,-116.335881,2016-05-27 02:17:23.231469
72,3544866,17846991,Entire home/apt,,,83,5.0,6,4.0,2.0,180.0,1.0,34.114293,-116.315704,2016-05-27 02:23:11.697531
73,3662291,6162687,Entire home/apt,,,40,5.0,4,2.0,2.0,119.0,2.0,34.142999,-116.294694,2016-05-27 02:22:38.799583
74,3834182,19742593,Shared room,,,9,4.0,6,1.0,1.0,75.0,1.0,34.236674,-116.435762,2016-05-27 02:23:28.205940
75,3890649,10028994,Entire home/apt,,,63,5.0,4,1.0,1.0,108.0,2.0,34.139168,-116.308211,2016-05-27 02:11:36.254172
76,3890857,10028994,Entire home/apt,,,61,5.0,3,1.0,1.0,99.0,2.0,34.138489,-116.309038,2016-05-27 02:19:02.359795
77,3890954,10028994,Entire home/apt,,,23,5.0,4,1.0,1.0,109.0,2.0,34.136781,-116.309166,2016-05-27 02:11:13.617693
78,3925443,11463698,Shared room,,,0,,5,1.0,1.0,25.0,2.0,34.180138,-116.347787,2016-05-27 02:24:19.725567
79,3992936,20698506,Entire home/apt,,,70,5.0,8,2.0,1.0,99.0,2.0,34.130352,-116.319586,2016-05-27 02:18:34.055778
80,4026018,3794463,Entire home/apt,,,74,5.0,6,3.0,2.0,150.0,1.0,34.126519,-116.321261,2016-05-27 02:11:40.197680
81,4046614,891576,Private room,,,0,,3,1.0,3.0,182.0,2.0,34.096803,-116.309798,2016-05-27 02:15:49.454178
82,4067133,21092711,Entire home/apt,,,17,5.0,12,3.0,3.0,185.0,2.0,34.104456,-116.389252,2016-05-27 02:21:09.682169
83,4092586,891576,Entire home/apt,,,8,5.0,5,2.0,,204.0,2.0,34.096616,-116.30993,2016-05-27 02:22:43.632091
84,4112708,13712943,Private room,,,45,5.0,2,1.0,1.0,80.0,1.0,34.099086,-116.305956,2016-05-27 02:23:24.852467
85,4136935,13061742,Entire home/apt,,,20,5.0,3,2.0,2.0,200.0,2.0,34.105408,-116.318119,2016-05-27 02:13:22.458955
86,4144802,891576,Entire home/apt,,,4,5.0,4,1.0,1.0,220.0,2.0,34.096525,-116.312675,2016-05-27 02:18:12.715939
87,4144985,891576,Entire home/apt,,,7,5.0,7,2.0,1.0,248.0,2.0,34.100329,-116.310993,2016-05-27 02:12:00.465693
88,4215222,50072,Entire home/apt,,,1,,4,1.0,2.0,250.0,7.0,34.104105,-116.307754,2016-05-27 02:23:08.110128
89,4332481,999806,Entire home/apt,,,11,5.0,6,3.0,2.0,320.0,3.0,34.126976,-116.324553,2016-05-27 02:20:48.467727
90,4423239,2909032,Entire home/apt,,,26,4.5,6,2.0,1.0,75.0,2.0,34.14542,-116.31618,2016-05-27 02:17:47.257650
91,4436872,12869620,Entire home/apt,,,97,4.5,4,2.0,1.0,95.0,1.0,34.158491,-116.370264,2016-05-27 02:14:13.432320
92,4453608,6876027,Entire home/apt,,,2,,4,2.0,1.0,179.0,3.0,34.107778,-116.319514,2016-05-27 02:15:25.722179
93,4500375,23340512,Entire home/apt,,,3,5.0,3,2.0,1.0,50.0,1.0,34.140313,-116.315937,2016-05-27 02:25:46.881434
94,4504195,14651807,Entire home/apt,,,120,5.0,2,1.0,1.0,125.0,2.0,34.094606,-116.306814,2016-05-27 02:25:38.847487
95,4557984,891576,Entire home/apt,,,2,,6,2.0,2.0,248.0,2.0,34.1151,-116.315642,2016-05-27 02:17:09.465599
96,4658786,24109517,Entire home/apt,,,21,4.5,2,0.0,1.0,100.0,1.0,34.135546,-116.314379,2016-05-27 02:14:24.929663
97,4705551,104046,Entire home/apt,,,35,5.0,12,4.0,3.0,300.0,1.0,34.117143,-116.319594,2016-05-27 02:14:10.403014
98,4803833,24748160,Private room,,,8,5.0,3,1.0,0.0,90.0,1.0,34.097593,-116.316587,2016-05-27 02:24:09.389559
99,4872511,24679602,Entire home/apt,,,55,5.0,6,2.0,,158.0,2.0,34.141378,-116.315179,2016-05-27 02:16:08.507246
100,4936417,24953463,Entire home/apt,,,45,5.0,15,3.0,2.0,99.0,2.0,34.119663,-116.318177,2016-05-27 02:16:25.090234
101,5186355,26821063,Entire home/apt,,,16,4.5,6,3.0,,345.0,2.0,34.109234,-116.331192,2016-05-27 02:18:59.672816
102,5242756,24748160,Private room,,,14,5.0,6,1.0,0.0,45.0,1.0,34.099201,-116.31494,2016-05-27 02:16:47.655757
103,5242811,24748160,Private room,,,15,5.0,4,1.0,0.0,45.0,1.0,34.098758,-116.315864,2016-05-27 02:15:59.162841
104,5268375,1674280,Private room,,,13,5.0,16,1.0,1.0,30.0,1.0,34.15004,-116.325617,2016-05-27 02:19:44.529646
105,5268510,24953463,Entire home/apt,,,45,5.0,9,3.0,2.0,99.0,2.0,34.119411,-116.31966,2016-05-27 02:19:34.721647
106,5298833,27446979,Entire home/apt,,,5,5.0,2,1.0,1.0,155.0,2.0,34.144713,-116.319109,2016-05-27 02:21:54.569780
107,5324681,1674280,Private room,,,6,4.5,16,1.0,1.0,30.0,1.0,34.148702,-116.325353,2016-05-27 02:25:17.133496
108,5333171,1318234,Entire home/apt,,,43,4.5,6,2.0,1.0,150.0,1.0,34.130174,-116.311405,2016-05-27 02:21:20.910796
109,5348014,27718038,Private room,,,62,5.0,2,1.0,1.0,65.0,1.0,34.128556,-116.317006,2016-05-27 02:14:56.941426
110,5402106,28002714,Private room,,,60,4.5,2,1.0,,42.0,1.0,34.109191,-116.328585,2016-05-27 02:11:08.178016
111,5464332,5026860,Private room,,,102,5.0,2,1.0,1.0,50.0,1.0,34.120961,-116.327531,2016-05-27 02:14:42.592585
112,5521657,28634831,Private room,,,14,4.5,2,1.0,1.0,60.0,1.0,34.112042,-116.332556,2016-05-27 02:19:25.094359
113,5613093,11037193,Private room,,,12,5.0,2,1.0,1.0,75.0,1.0,34.12127,-116.316281,2016-05-27 02:19:17.247678
114,5683952,19742593,Entire home/apt,,,3,4.5,16,3.0,1.0,200.0,2.0,34.235761,-116.435917,2016-05-27 02:22:09.011516
115,5694878,5026860,Private room,,,156,5.0,2,1.0,1.0,50.0,1.0,34.120832,-116.325853,2016-05-27 02:17:50.857622
116,5875205,30510176,Shared room,,,0,,8,1.0,,800.0,1.0,33.842666,-116.463273,2016-05-27 02:24:48.245462
117,5884868,29066297,Entire home/apt,,,12,4.5,6,3.0,,150.0,2.0,34.132138,-116.319212,2016-05-27 02:12:06.673860
118,6055971,31429508,Entire home/apt,,,30,5.0,8,3.0,3.0,275.0,2.0,34.163019,-116.35192,2016-05-27 02:19:41.430500
119,6118118,31742468,Entire home/apt,,,12,5.0,6,2.0,1.0,120.0,2.0,34.120512,-116.350994,2016-05-27 02:13:13.501660
120,6185726,32083992,Private room,,,17,5.0,2,1.0,1.0,55.0,1.0,34.129043,-116.319146,2016-05-27 02:21:18.121442
121,6200021,32152753,Entire home/apt,,,34,5.0,4,2.0,1.0,125.0,1.0,34.12637,-116.314656,2016-05-27 02:13:10.280065
122,6490672,33921223,Entire home/apt,,,9,5.0,12,5.0,,450.0,2.0,34.106362,-116.422012,2016-05-27 02:24:54.758987
123,6492749,4253984,Entire home/apt,,,0,,6,3.0,2.0,210.0,2.0,34.098336,-116.286972,2016-05-27 02:20:32.231574
124,6527027,34136004,Entire home/apt,,,12,5.0,4,2.0,1.0,99.0,2.0,34.134397,-116.309526,2016-05-27 02:22:53.149864
125,6543255,11178075,Entire home/apt,,,49,5.0,6,3.0,2.0,99.0,1.0,34.144155,-116.316899,2016-05-27 02:19:14.188064
126,6577160,23312999,Entire home/apt,,,22,4.5,4,1.0,1.0,75.0,2.0,34.156433,-116.350329,2016-05-27 02:18:09.617852
127,6588772,34465558,Entire home/apt,,,9,5.0,2,0.0,1.0,120.0,1.0,34.14318,-116.327016,2016-05-27 02:19:52.261696
128,6796407,32773600,Entire home/apt,,,3,5.0,8,2.0,2.0,99.0,1.0,34.142766,-116.314746,2016-05-27 02:11:52.502114
129,6817370,4107555,Entire home/apt,,,11,5.0,12,4.0,2.0,169.0,2.0,34.100274,-116.307509,2016-05-27 02:18:28.652038
130,6919727,50072,Entire home/apt,,,5,5.0,4,2.0,2.0,375.0,2.0,34.095998,-116.306213,2016-05-27 02:23:41.709922
131,6936176,31429508,Private room,,,17,5.0,2,1.0,1.0,62.0,2.0,34.160631,-116.350387,2016-05-27 02:13:33.950118
132,7303044,1690563,Entire home/apt,,,100,5.0,4,1.0,1.0,145.0,2.0,34.128976,-116.312289,2016-05-27 02:22:01.660041
133,7884919,41566270,Entire home/apt,,,27,5.0,6,3.0,2.0,115.0,1.0,34.125844,-116.318349,2016-05-27 02:24:04.229821
134,7969464,42052069,Entire home/apt,,,31,4.5,2,0.0,1.0,79.0,2.0,34.112692,-116.331697,2016-05-27 02:23:18.063731
135,8034691,23333307,Entire home/apt,,,52,5.0,4,2.0,2.0,115.0,1.0,34.165535,-116.313702,2016-05-27 02:15:46.352005
136,8070456,42627296,Entire home/apt,,,4,5.0,8,3.0,2.0,300.0,2.0,34.092285,-116.31213,2016-05-27 02:23:15.089427
137,8108916,42797456,Entire home/apt,,,17,5.0,3,1.0,1.0,150.0,2.0,34.091964,-116.295993,2016-05-27 02:19:19.931899
138,8127715,24986112,Entire home/apt,,,19,5.0,5,3.0,1.0,76.0,,34.128457,-116.321007,2016-05-27 02:23:39.205512
139,8133988,24953463,Entire home/apt,,,4,4.5,12,2.0,2.0,100.0,2.0,34.118919,-116.319998,2016-05-27 02:11:43.132480
140,8172137,42797456,Entire home/apt,,,12,5.0,15,7.0,5.0,1100.0,1.0,34.090374,-116.296443,2016-05-27 02:22:50.107730
141,8190470,43203081,Private room,,,3,4.5,4,1.0,1.0,50.0,1.0,34.169517,-116.311877,2016-05-27 02:19:37.543531
142,8211636,13566359,Entire home/apt,,,8,5.0,8,2.0,2.0,150.0,2.0,34.116007,-116.317178,2016-05-27 02:25:26.400426
143,8256551,42404549,Entire home/apt,,,29,5.0,8,4.0,2.0,225.0,,34.151802,-116.301281,2016-05-27 02:21:57.680282
144,8273883,43625637,Entire home/apt,,,19,5.0,3,1.0,1.0,88.0,2.0,34.133807,-116.322835,2016-05-27 02:13:18.895539
145,8288335,38132172,Shared room,,,1,,4,1.0,,33.0,1.0,33.91897,-116.409157,2016-05-27 02:21:30.049419
146,8389902,10028994,Entire home/apt,,,33,5.0,4,1.0,1.0,99.0,2.0,34.13905,-116.308436,2016-05-27 02:11:30.899652
147,8486210,44693758,Private room,,,50,5.0,2,1.0,1.0,70.0,1.0,34.165805,-116.28124,2016-05-27 02:18:03.281671
148,8506832,31238378,Entire home/apt,,,16,5.0,6,2.0,1.0,115.0,2.0,34.12743,-116.311881,2016-05-27 02:11:00.469715
149,8523927,43961958,Entire home/apt,,,16,4.5,8,4.0,3.0,375.0,2.0,34.113197,-116.337908,2016-05-27 02:16:55.530104
150,8539864,8990978,Private room,,,76,4.5,2,1.0,1.0,52.0,1.0,34.135889,-116.314747,2016-05-27 02:20:05.141051
151,8556463,8990978,Private room,,,56,5.0,2,1.0,1.0,44.0,1.0,34.135975,-116.312853,2016-05-27 02:13:49.358612
152,8739695,45850029,Private room,,,34,5.0,3,1.0,1.0,80.0,1.0,34.181341,-116.299466,2016-05-27 02:20:01.963925
153,8763004,45951188,Entire home/apt,,,24,5.0,2,1.0,1.0,200.0,,34.131374,-116.313143,2016-05-27 02:14:28.297596
154,8809797,13999943,Private room,,,2,,2,1.0,1.0,60.0,1.0,34.132982,-116.312156,2016-05-27 02:16:11.193097
155,8829780,26819810,Entire home/apt,,,14,4.5,5,2.0,,83.0,2.0,34.132606,-116.317436,2016-05-27 02:24:44.895508
156,8912623,29579661,Private room,,,55,5.0,3,1.0,,59.0,1.0,34.111898,-116.360292,2016-05-27 02:15:43.368224
157,8954194,8189443,Entire home/apt,,,1,,4,2.0,1.0,110.0,2.0,34.126118,-116.313673,2016-05-27 02:18:15.188735
158,8955583,8990978,Private room,,,38,4.5,2,1.0,1.0,44.0,1.0,34.136308,-116.314445,2016-05-27 02:10:51.772546
159,8965744,24109517,Entire home/apt,,,6,5.0,6,3.0,2.0,129.0,2.0,34.124442,-116.318981,2016-05-27 02:19:31.207877
160,8965793,15397395,Entire home/apt,,,40,4.5,5,2.0,1.0,120.0,1.0,34.126543,-116.316923,2016-05-27 02:15:06.445705
161,8996442,42068070,Private room,,,28,5.0,2,1.0,1.0,75.0,1.0,34.142104,-116.387544,2016-05-27 02:15:02.516630
162,9010964,16879592,Entire home/apt,,,44,4.5,4,1.0,1.0,75.0,1.0,34.127833,-116.322419,2016-05-27 02:19:06.578066
163,9028178,31429508,Private room,,,13,5.0,4,1.0,1.0,25.0,2.0,34.158904,-116.351309,2016-05-27 02:21:32.817970
164,9443663,48939044,Entire home/apt,,,40,4.5,5,2.0,,95.0,1.0,34.128779,-116.322001,2016-05-27 02:24:51.481823
165,9450241,44693758,Private room,,,30,5.0,2,1.0,1.0,70.0,1.0,34.164557,-116.28085,2016-05-27 02:17:12.982469
166,9497839,30756369,Entire home/apt,,,0,,12,5.0,1.0,300.0,1.0,34.148801,-116.246797,2016-05-27 02:22:18.063553
167,9595997,23681350,Entire home/apt,,,24,5.0,3,1.0,1.0,180.0,,34.132025,-116.283178,2016-05-27 02:19:27.847643
168,9613401,17872893,Entire home/apt,,,9,5.0,12,4.0,2.0,350.0,,34.183773,-116.313381,2016-05-27 02:20:20.395776
169,9661672,11233710,Entire home/apt,,,16,5.0,6,2.0,2.0,185.0,1.0,34.123905,-116.311224,2016-05-27 02:11:04.148454
170,9696060,14651807,Entire home/apt,,,29,5.0,2,1.0,1.0,150.0,2.0,34.097594,-116.307108,2016-05-27 02:19:22.567728
171,9748041,11608148,Private room,,,10,5.0,2,1.0,1.0,50.0,1.0,34.144585,-116.312231,2016-05-27 02:22:41.253527
172,9810645,32083992,Private room,,,7,5.0,2,1.0,1.0,55.0,1.0,34.12875,-116.318816,2016-05-27 02:17:43.185959
173,9904854,50933286,Entire home/apt,,,4,5.0,6,2.0,2.0,300.0,,34.106892,-116.282915,2016-05-27 02:13:30.856815
174,9979259,9319506,Entire home/apt,,,23,5.0,6,2.0,,185.0,2.0,34.108971,-116.346263,2016-05-27 02:18:40.617770
175,9986505,51311480,Entire home/apt,,,2,,10,3.0,2.0,187.0,2.0,34.100871,-116.287679,2016-05-27 02:15:12.657710
176,10072597,42795226,Entire home/apt,,,6,5.0,4,2.0,1.0,180.0,2.0,34.126486,-116.271812,2016-05-27 02:21:00.898153
177,10152450,43128897,Entire home/apt,,,16,5.0,3,1.0,,150.0,1.0,34.121985,-116.272434,2016-05-27 02:20:12.203405
178,10204420,7310060,Entire home/apt,,,22,5.0,12,3.0,2.0,300.0,,34.231449,-116.282136,2016-05-27 02:20:29.863917
179,10211454,52455603,Shared room,,,0,,3,1.0,0.0,19.0,2.0,34.196006,-115.860265,2016-05-27 02:25:00.946373
180,10251503,52697011,Shared room,,,3,5.0,2,1.0,1.0,99.0,1.0,34.070876,-116.539501,2016-05-27 02:20:54.676788
181,10363982,9247444,Entire home/apt,,,2,,12,3.0,2.0,165.0,1.0,34.178025,-116.293013,2016-05-27 02:24:17.356180
182,10645229,24953463,Entire home/apt,,,1,,16,8.0,6.0,600.0,2.0,34.119867,-116.319172,2016-05-27 02:14:22.163867
183,10725060,55429773,Entire home/apt,,,1,,14,4.0,,425.0,2.0,33.953736,-116.468383,2016-05-27 02:23:31.637531
184,10744620,50072,Entire home/apt,,,4,5.0,6,2.0,2.0,450.0,2.0,34.099678,-116.314573,2016-05-27 02:17:03.769605
185,10783985,26819810,Entire home/apt,,,2,,4,2.0,,85.0,2.0,34.131139,-116.319149,2016-05-27 02:21:42.463695
186,10790676,29579661,Private room,,,39,5.0,4,1.0,,59.0,1.0,34.109654,-116.360353,2016-05-27 02:14:19.184087
187,10855241,15968800,Entire home/apt,,,9,5.0,5,2.0,2.0,185.0,2.0,34.119347,-116.338272,2016-05-27 02:16:58.503918
188,10900124,56488314,Entire home/apt,,,14,5.0,5,2.0,2.0,99.0,1.0,34.128813,-116.324539,2016-05-27 02:20:23.305700
189,11228336,58521912,Shared room,,,0,,1,1.0,1.0,34.0,1.0,33.965303,-116.514685,2016-05-27 02:22:11.969716
190,11304130,59087218,Entire home/apt,,,8,5.0,6,2.0,1.0,115.0,2.0,34.141236,-116.316526,2016-05-27 02:19:56.288799
191,11339526,1717964,Entire home/apt,,,0,,6,3.0,2.0,600.0,1.0,34.13474,-116.368383,2016-05-27 02:19:59.046341
192,11375186,5820467,Private room,,,5,4.0,1,1.0,1.0,55.0,1.0,34.124624,-116.317641,2016-05-27 02:16:43.899985
193,11375871,5820467,Private room,,,3,5.0,2,1.0,1.0,62.0,1.0,34.125918,-116.31642,2016-05-27 02:16:01.694965
194,11477298,60397399,Entire home/apt,,,2,,4,1.0,1.0,115.0,,34.137168,-116.311073,2016-05-27 02:14:59.754358
195,11573332,52697989,Private room,,,19,5.0,2,1.0,2.0,46.0,1.0,34.127292,-116.318504,2016-05-27 02:21:23.670764
196,11642083,1680313,Entire home/apt,,,38,4.5,4,0.0,1.0,59.0,1.0,34.128027,-116.272297,2016-05-27 02:13:46.213977
197,11698125,1717964,Shared room,,,3,5.0,4,1.0,1.0,125.0,1.0,34.156762,-116.361403,2016-05-27 02:22:06.197506
198,11733221,3794463,Entire home/apt,,,7,5.0,5,3.0,,150.0,2.0,34.127378,-116.323228,2016-05-27 02:22:15.698250
199,11895120,63443909,Entire home/apt,,,13,5.0,4,2.0,1.0,95.0,1.0,34.12987,-116.308616,2016-05-27 02:16:50.683532
200,11966181,5026860,Private room,,,5,5.0,2,1.0,1.0,65.0,2.0,34.120798,-116.326075,2016-05-27 02:12:35.754467
201,12011865,59638054,Shared room,,,6,5.0,16,1.0,,15.0,1.0,34.151469,-116.238206,2016-05-27 02:23:53.997204
202,12091447,6674003,Entire home/apt,,,0,,6,3.0,2.0,250.0,2.0,34.117799,-116.322857,2016-05-27 02:15:19.439583
203,12105768,64912421,Private room,,,4,5.0,6,1.0,,40.0,1.0,34.180832,-116.298796,2016-05-27 02:13:16.138258
204,12137389,44795894,Entire home/apt,,,10,5.0,8,3.0,2.0,98.0,,34.131873,-116.307621,2016-05-27 02:20:57.424117
205,12175912,64781808,Private room,,,3,5.0,1,1.0,1.0,30.0,1.0,34.133626,-116.391021,2016-05-27 02:13:25.310418
206,12325663,42317372,Entire home/apt,,,0,,10,3.0,,190.0,2.0,34.110929,-116.323798,2016-05-27 02:18:44.555644
207,12381394,11489390,Private room,,,10,5.0,2,1.0,1.0,42.0,1.0,34.147071,-116.303321,2016-05-27 02:14:16.065946
208,12456106,7859989,Entire home/apt,,,5,5.0,6,1.0,1.0,135.0,2.0,34.135121,-116.314733,2016-05-27 02:15:56.410273
209,12466439,67465595,Private room,,,4,5.0,2,1.0,1.0,50.0,1.0,34.159571,-116.370095,2016-05-27 02:16:04.505894
210,12469735,52697989,Private room,,,2,,2,1.0,1.0,45.0,1.0,34.126365,-116.321239,2016-05-27 02:18:21.515589
211,12494785,32538343,Shared room,,,0,,6,1.0,2.0,100.0,2.0,33.831246,-116.463644,2016-05-27 02:24:41.293641
212,12587558,68275068,Private room,,,1,,4,1.0,1.0,149.0,2.0,34.148963,-116.307496,2016-05-27 02:17:01.219798
213,12601180,38132172,Shared room,,,0,,4,1.0,,33.0,1.0,33.919218,-116.408659,2016-05-27 02:21:51.628364
214,12623902,3012401,Entire home/apt,,,0,,16,5.0,5.0,355.0,2.0,33.955316,-116.473124,2016-05-27 02:21:07.298126
215,12851595,5026860,Entire home/apt,,,0,,6,3.0,2.0,120.0,1.0,34.120855,-116.325509,2016-05-27 02:16:38.300628
216,12872569,64912421,Private room,,,1,,3,1.0,,45.0,1.0,34.179969,-116.298641,2016-05-27 02:13:05.081499
217,12907028,70738579,Private room,,,0,,4,1.0,1.0,228.0,2.0,34.096549,-116.400712,2016-05-27 02:13:27.591720
218,12926766,5026907,Private room,,,1,,6,1.0,1.0,75.0,1.0,34.197411,-116.400001,2016-05-27 02:11:11.108076
219,12934224,4871252,Entire home/apt,,,1,,2,1.0,1.0,145.0,1.0,34.139909,-116.326124,2016-05-27 02:23:05.080189
220,12936272,71048006,Entire home/apt,,,0,,2,1.0,1.0,225.0,1.0,34.133425,-116.309156,2016-05-27 02:11:46.188467
221,12950524,16495801,Entire home/apt,,,1,,6,3.0,2.0,175.0,2.0,34.107294,-116.321485,2016-05-27 02:15:29.067591
222,12956245,34237211,Entire home/apt,,,0,,4,2.0,2.0,99.0,2.0,34.122272,-116.319842,2016-05-27 02:14:07.562202
223,12974051,4871252,Entire home/apt,,,0,,2,1.0,1.0,165.0,1.0,34.138799,-116.324756,2016-05-27 02:19:48.095458
224,13017349,69447267,Entire home/apt,,,0,,5,2.0,2.0,99.0,1.0,34.122286,-116.331368,2016-05-27 02:11:55.107185
225,13063569,7859989,Entire home/apt,,,0,,15,2.0,1.0,250.0,1.0,34.163677,-116.254538,2016-05-27 02:22:20.775089
226,13063804,7859989,Entire home/apt,,,0,,6,1.0,1.0,250.0,1.0,34.13157,-116.330876,2016-05-27 02:25:03.748226
